original_job_id,job_id
6600003001-020000000200000000-00010,7c21469d-7eeb-5896-a86c-d812fe583c93
4000000000-801102230000000000-00088,d576370e-50ae-5e6b-a589-c3e21c3f2769
1606000000-999990110101111200-00020,5822c35d-2ca8-5556-8bc9-0b725e2588af
1804000000-090101020000000000-00034,cfa6fd27-6630-5f6f-94f2-4d6d432160a5
4500000000-801101100000000000-00071,f42026de-cac4-59c1-b743-69403ae049c0
4500000000-801101020000000000-00085,9db361d0-3c41-5e12-8143-67b1457a0ed0
5900003001-020000000000000000-00154,c80268a0-a3b3-52bf-930f-9a76a63852ef
3200000000-101101000000000000-00027,5019ca08-be98-5405-9ea4-98c8c9bd7786
1417000000-301101070301000000-01298,60a1ea7a-250a-52c0-bf08-0716352dfc46
1605000000-901101010100000000-00095,9b15dd33-cf40-56a1-99f9-b917d6ffcee6
5100003001-020000000000000000-00064,fcd2f437-bb63-5e33-825b-5cb348e18011
1413000000-901050000000000000-00159,4bb68a75-f13a-54fe-ba7b-f4cf895a2a98
5500000000-801103040000000000-00096,c8bb1afc-4b0f-5fe0-8c3e-ca8e156a0391
1413000000-901050000000000000-00186,ea93c8ad-6e77-5570-8811-4bd30021b929
2206000000-090301010100000000-00059,edb90850-a6e7-50c1-9c25-6740ecd548fd
5500003001-020000000300000000-00056,73115417-1b43-58fa-841b-7e4b187869e8
0303000000-060400000000000000-00025,63463a41-3f56-5623-9768-2ced053d4f2b
1606000000-999990110101111000-00067,7f5cf7a9-bb0f-570c-8d38-c8a28f042a9b
6000000000-812301011601000000-00090,5ce14d10-57c8-5690-8e76-4980aff851de
2306000000-901201010000000000-00040,8748d338-0986-5dc4-9bdb-fe2aff7eb444
1200000000-101104000000000000-00059,3ad0dd63-5b2f-5f6a-804f-9810a1e5751d
5400000000-801101040000000000-00050,c25998fa-575e-5cdb-90b2-ba3fd509c671
1419010000-301207000000000000-00060,99881f76-82e4-5d92-85c9-24765cb4edb4
1602000000-201102060000000000-00135,af42ec8b-1e7a-5c80-b65a-b0aa2a0c6d3e
1302000000-901202000000000000-00012,c37dff16-f3a1-57b6-ae5c-1f018c21cb78
0901001004-110201010000000000-00002,50c90004-d017-5114-a5c5-cce8933edaa0
0901000000-140601030000000000-00218,a9cf9ffb-742f-5085-ade2-d15f470920ea
5000000000-801101010600000000-00057,51c29a49-4bf6-5839-b191-73161343c30e
2206000000-090301010100000000-00054,0ea40c7f-9f7d-5451-b47e-29237f039290
5100000000-801111000000000000-00386,1c9bc88d-bec4-5ead-919b-8118b1914ac9
7000000000-801202010103000000-00368,7f321590-4176-5c0f-8d50-96a5b806219e
5400003002-021101000000000000-00005,d0d00db3-1741-59b3-8191-569469b7fcfd
1417000000-301101070302000000-01305,3596e0aa-cc7e-5364-a286-34beb8f37882
1005000000-901202010000000000-00069,3a155b73-0047-517c-be45-ce80cacc2369
1412009000-312062010000000000-00366,ec84f38d-822f-5851-bf7c-30231f187910
1412002000-312063000000000000-00325,6ca240de-c752-5e8c-882e-96971235f088
5700003001-203015000000000000-00080,942fe237-5efe-542e-8c63-35b8e115ca82
5700000000-080101010103000000-00031,1403a2b6-4ea0-59cd-b63a-6ad1e4b10cd2
1802000000-091910000000000000-00010,3f76a9b3-ce7d-5413-880e-b2cd8aebbdf0
4000003001-020000001100000000-00127,8d5d1b32-ffd4-5969-8dfc-5a2104bdf178
5600003001-201011030000000000-00024,4c56b28a-4f31-5e2a-abc5-112dd6cd0138
4400003001-201011020000000000-00005,af15253c-fdeb-5268-9457-e781e7b5c87e
1419010000-301209000000000000-00065,c516e239-c42e-502d-98d2-6ff12b879356
4800003001-020000000200000000-00144,93e0e076-2ab2-51da-b358-3767700bf74e
2205000000-140203010300000000-00047,5a456449-6b7b-5c91-a071-36e63f04e709
1903000000-150103010000000000-00021,1cf7b7aa-ad6a-54c5-b613-878b4cb92e92
1419000000-301204000000000000-00041,3048835f-b7f5-52a9-aeea-1c36e7dd7418
1600000000-111110111110000000-00035,016ca100-4d4f-5f85-83fb-0db8aa2dda13
6400000000-308811010500000000-00046,14b9ac6e-0a5c-51ad-9152-edc148b544f0
2305001002-090000000000000000-00090,945d7256-91b7-56b6-98a5-60577ea72bd0
1802000000-901601040000000000-00149,55c331d5-1bd6-57b6-bca1-0cf19492276b
2601000000-660130000000000000-00003,e832c72d-e2e5-5d13-b7e7-d5c761e540d6
2500000000-101901000000000000-00082,046cc59b-7067-53f7-b9f3-093f2f4a13b4
7000000000-801202010105000000-00374,22de0519-10b8-5541-b2a9-09297e70b128
6600003001-020000001900000000-00026,54f8ae75-fac6-507e-9708-2057d865acd4
0500000000-040101010200000000-00074,12e60f6a-1158-5a32-a09b-b3cd76836378
6100003001-227404000000000000-00002,ba91100e-a208-5269-bc57-cba3d1a903ca
1421000000-090208010000000000-00024,e758b93c-284d-562a-bb4b-e39331642fcf
4200003001-222101000000000000-00021,ec9cba5f-0db1-5d77-81c8-79186d384e7b
1419010000-301102000000000000-00029,3e3a2c38-ac79-50d5-a242-671a94ec8ea2
4500003001-020000000100000000-00051,d3906c49-19ea-577c-9dfe-97582da76a2b
5900000000-080000000000000000-00130,8dd74801-e1b0-571e-9e1d-025aead3b695
0901001004-110500000000000000-00007,8f41e12f-5135-5858-84a7-5e3ec3444c01
5000003001-204010000000000000-00003,853cfa1f-346f-5d31-a268-d1077651980a
1419006000-301102070000000000-00022,477f46f2-5939-5acb-b2ba-39f1d892fe8e
0901001015-110201000000000000-00046,bbe588e3-60ec-5e2f-acdb-1e0a286e1e6f
5800003001-201012000000000000-00027,a5332159-255b-56e1-bdad-f83cb38c76e7
2500000000-101900000000000000-00076,07bc0031-04b3-58be-a910-c77d37395ccb
7000000000-801203130000000000-00091,6616742b-433c-5b7c-bf9c-26c4853464c5
7000000000-801201010000000000-00353,b0eb549e-d4c6-53d7-95d6-614fb3d70030
1603000000-201801000000000000-00001,a47ea421-4f2a-556a-b3d5-8db1a938e51d
6900003001-201604010000000000-00026,99e0fee0-0cea-5591-94a0-faf6b6eb9d17
1602000000-201303000000000000-00117,1fa92857-fc96-5fba-a80e-909c73f014d0
5900000000-801105010200000000-00031,df3a6ef6-038c-57d9-b9e2-f31c18f6ed91
0901000000-140201000000000000-00061,0bd84349-3b07-578e-b2dd-2a475cc2833d
4400000000-803700000000000000-00018,a1e48a73-ff83-5259-bdce-afd0c601c5f0
2305001003-901306000000000000-00002,55225d7b-bd27-5a29-949d-1dc481966043
1804000000-090101030000000000-00018,92deb209-8c32-5c51-a42e-d8ac79d4cb36
7000000000-801208200000000000-00107,e4cabbb4-1c6d-5401-8de2-09aeba0ce5bd
4900003001-220300000000000000-00011,7b77f29a-cd36-58cc-a7f4-689d9f5bcc67
4900003001-218000000000000000-00005,6ce0b213-36a2-5d0d-8f9b-5822b7b7cef0
5700003001-020000000900000000-00067,30010bae-9edc-564a-85fd-5791b610d29b
1419010000-301000000000000000-00040,b43c4c16-9507-51fb-b754-49cf415d53dc
1600000000-111011130101000000-00051,7f2a1fac-74fe-5dda-bf01-7322d7a57b2c
1605001006-090000000000000000-00408,230811cb-3626-5d0b-b18b-39d84cab161b
6900003002-201102000000000000-00106,6963cd16-fb0c-5959-b960-e587f66839ce
1606000000-999990110311100000-00096,808ccb3d-07e8-5f34-87c4-b96ab557978a
6300000000-801305000000000000-00058,7be5a93a-904e-521f-a5dc-07fbced1d0de
0901001004-110206000000000000-00003,73f48221-bd59-5631-b16f-26d489afba9c
1417000000-301101090104000000-01057,83515748-2c14-51aa-bf3a-8efd1b8da371
1000001000-101200000000000000-00017,c439b108-8d03-5fc5-a9c7-37dfeca38be7
1000000000-101001000000000000-00012,e76243c8-4d21-59fc-86ca-88d0eaa75b13
1419005000-312064000000000000-00253,aa496118-1fb0-59b7-b8e4-fb77e0165656
1602000000-201102060000000000-00141,19a46357-fdee-5750-bd94-800acab1a561
4100000000-080101030500000000-00053,7d689993-72cf-552f-8fec-8c107e09b743
1503000000-601102000000000000-00010,bb8d17e1-f5a2-5aa7-bb29-97d9e641b05f
5100000000-801102000000000000-00039,59a93901-504e-577f-be38-24375e92b5e8
1419005000-031000000000000000-00018,c2510fe0-cac0-5c53-9f59-b08eaa5329fb
2902000000-140105010000000000-00003,78c9427f-f7aa-5d32-baa8-eccff77d10b0
1800000000-101101040000000000-00025,d5877f34-227a-5a37-a77f-54a8d4f83ac8
1413000000-901050000000000000-00181,daba2253-ca5c-5dfd-8651-24c19df85e6b
6100000000-801101020000000000-00033,563c8c5f-cc6f-5771-b999-c0280b3dda23
6500000000-801103010100000000-00081,bc31e943-16ff-5089-9e07-f1a4060bd0fb
6200000000-801101250000000000-00033,71c4d723-570d-5b0d-b201-2c292d9e573c
4800000000-801104000000000000-00395,6b66e2d3-127e-5123-a5ff-2995cce65eb3
6000003001-202500000000000000-00016,d0d65b30-5def-5606-91cf-ec0ef36f6edf
6400000000-308811012100000000-00078,6a96f0ff-0b15-584d-b387-708f57ac812c
2306000000-901202000000000000-00041,13943e8e-4903-52f7-b42c-3dc2dd9ddbc9
2900001001-102001000000000000-00048,63bced16-be27-55ab-960c-dc898df7a598
2500001002-210100000000000000-00020,a51dc4bf-d515-5f13-bfd1-d3ff9a3b90df
1402000000-901000000000000000-00023,eb95f286-b624-5145-86fa-23d6587304bf
5200003001-020000000200000000-00013,70c062c9-5eb5-55e8-a084-346411099c80
0901000000-140200000000000000-00033,2be25a58-26af-5dbd-9923-3516c0844cdb
1200000000-101104000000000000-00061,e5dadc77-df38-55eb-b2ff-b380482fa0e6
1605000000-901400000000000000-00002,39b1d5cb-dc05-5c43-8efc-6e8bbdf38010
2800000000-101101030000000000-00001,2a6d3ad5-1533-57de-855a-eb9fe60d27a7
4200003001-221401000000000000-00015,aa0d0f4a-fd53-52f3-8d95-4edef2880e27
1300000000-101000000000000000-00061,48463f5d-b997-5438-a59d-89b0631fcc3b
1432000000-101105010000000000-00108,56f93bff-6097-56af-a7c2-d95657da657e
1200000000-101105060400000000-00155,48997246-17c4-5323-8237-36c164e94056
4200000000-801104150000000000-00074,17aff069-d0ae-5157-99d3-07deb374c04f
2500001002-210100000000000000-00018,fdb61713-0fc1-52dd-bc41-3cc8101bedc6
0900000000-101202020000000000-00032,5e7adb67-7941-5b05-a936-322df514e299
1801000000-090000000000000000-00009,3a5232f0-80a9-5a29-9d2a-9f9a9dc9cc19
1412001000-301205080000000000-00100,d5b4199c-0ef6-5a30-a8cc-c2fa769d454f
0901000098-140000000000000000-00007,26ea3319-004f-50f9-8c5e-1669f324c3cf
1419010000-301101000000000000-00007,6f58fd9a-0972-5c63-87c6-8d774fcf27f0
2903000000-090100000000000000-00051,25f741f4-a3b2-57db-bd7e-b4b002051111
1419006000-301101020000000000-00020,e3f37af6-45d0-57e4-bfc4-6288a77e1167
2201001001-901001000000000000-00035,a74d60f9-f848-503f-839b-09ba40922e00
1417000000-301101090100000000-01051,0e9db692-97cf-5539-9fb6-a58590ced93b
7000000000-801201010114030000-00405,ac41f38a-e36c-5c6c-9855-0e40c21d9cfe
5000000000-801101011900000000-00313,382345ab-17df-5a42-aa18-1c93066c4f2e
1300000000-101302010000000000-00072,25f45eac-87d9-5dd1-98d3-7c88153fdd5d
7000001000-201102000000000000-00056,d09e0b99-1050-5b6d-8515-86fd52e91926
3200000000-101001000000000000-00020,042f9b04-a117-5ea7-9bd5-11b86b5690e4
4700000000-801300000000000000-00024,e3bb9e29-4e36-5fc3-822f-86b1f59b48c1
1804000000-902104000000000000-00003,13c89a2c-e1ec-5c90-973e-1b3ff4d3dcec
2309000000-801001000000000000-00030,cb9837c0-9d39-5857-a972-c05e621f960e
5100000000-801119060000000000-00323,85f3d144-a1a6-5368-99df-66bc70d4dc26
4300003001-201013010000000000-00785,6ca9a8e0-d16c-58c9-99d5-d612b2151ac4
4800003001-205010000000000000-00207,fa6a283e-3625-5944-9c5f-1881f35641d1
2206000000-903010101010100000-00022,4bc44574-23f8-5bdc-bca6-1f767687ea57
2313000000-901200000000000000-00021,94fbf871-2a77-5bd0-a0bf-127e2ae5a07b
4700003001-201010010000000000-00030,0cd8c83b-a3d3-59bc-b4c4-057d9fccdae7
6700003002-201300000000000000-00064,0246a50a-8f2c-55a4-824f-2d4df0741504
2306000000-901201020000000000-00023,6bd29056-71f3-513f-80d9-10b0d9f20faa
5100000000-080000000000000000-00089,da4cd921-6d35-5570-989d-5713d63ae90c
1800000000-101101040000000000-00030,8e5fa711-ef42-522e-97e6-cb5957f312f9
1417000000-301101070501000000-02531,84c50095-2c5e-5015-993e-ac5221128b3c
5500003001-020000000000000000-00004,d66beca2-2923-59af-84fb-c720c4f3fe81
2206000000-090301020200000000-00040,6c0afb75-d666-561d-a25e-d82746b8888c
7000000000-801201010106000000-00386,d551b929-ef0f-5bba-823c-21fa62827b21
1419006000-301102050000000000-00218,895c2641-bb8a-5146-bf2b-32b172addc54
2902000000-140105000000000000-00010,6ba5bbd0-a0af-5e6e-80fa-f4f7ff20cd0b
4900003001-218000000000000000-00007,0a2352e0-f8ad-55b4-a2ca-7e174588158e
5900000000-801105140300000000-00323,552d42d2-288b-585e-91bc-e504881ab29a
5700000000-080101010500000000-00014,175fcf18-2b4c-5c2b-ae8c-06ab35d22853
7000000000-801203070000000000-00267,87067eb5-0210-5389-b04b-9147d600df05
4000003001-201018000000000000-00007,bebd2ee7-5356-533e-97b0-be32322d6f3b
6900003001-020000000100000000-00010,b19c9b94-fda6-52fa-8fad-8afca74c5923
7000000000-801203060200000000-00283,0e9cfc23-b00c-547a-81a1-97b07f50a1dc
4800000000-801103000000000000-00004,c00fe84d-3234-5a70-92c2-9034b26a5c08
1414000000-301000000000000000-00096,1de3a757-d724-5f9e-bccb-41e6efe54e31
6000000000-812301010500000000-00013,6627a901-9123-5897-9c09-fd5620b12264
1500000000-101700000000000000-00038,495a46d1-5fb9-5c7d-9273-f130cdbc9d95
2701000000-901201000000000000-00016,90046556-0edd-50ec-b0bd-9a4562cdb5e6
5800003001-202017000000000000-00008,70647004-cf94-5075-b9b3-c74540951f66
5900003001-202011010306000000-00030,3873793d-058d-54c9-a68c-b6fdbac9b504
5500003001-020000001500000000-00049,a30c4b9a-3dcc-51fd-8183-0d1da08a2849
5600000000-801312000000000000-00088,64414f1a-ef27-5a4f-9aa3-aec1caf05bd5
5300000000-801103100000000000-00316,23e11a1e-f0a3-562f-9a22-a4cb6ac7a29b
1800000000-101101050000000000-00021,06606814-1623-5b6d-9877-613469492ff1
0901000000-140000000000000000-00113,93855345-7688-5f8b-85d0-4a17ed5bb6c9
1005000000-901201010100000000-00033,39be39c4-03ec-5b64-b25a-6c80d6aa53ce
2318000000-901000000000000000-00046,946a4036-d7aa-55f4-9a6b-a65da5e0ecba
5100000000-801117000000000000-00066,32fb89f9-7b51-5d2d-9498-bda7f3131a0c
4800000000-801103080000000000-00057,ea54ce8b-2133-5658-b201-33dc588977f7
2201001001-901400000000000000-00050,0ed86420-ab22-565c-afb8-2c89cbaf952e
2900001001-102001000000000000-00040,48c1d3e9-31c3-53af-b497-6d96864dd6f3
1001000000-140204010100000000-00004,1b72da55-0938-522d-a931-98d7663a547a
5300000000-801103200000000000-00315,a8c62b80-b265-50d8-9374-377e12be8e0c
0200000000-501201020200000000-00067,522c7030-cbef-5004-ba12-f01d2cc32ec2
0800000000-101100000000000000-00092,fe66fb50-48ae-5303-a3c3-e90750efb78d
2500000000-101902000000000000-00073,91885de9-12a6-58fe-81c2-0d194cb83ab0
2500000000-101902000000000000-00074,975d44a8-59d9-590d-a4eb-e7052749af4b
2201001001-901000000000000000-00029,447ff3dc-0b12-5ab5-b318-a7c5430daa7d
6200000000-801101140300000000-00010,4ec094bd-5d47-5062-b859-6095e0abccf3
1417000000-301101090101000000-01061,112a855d-d1f4-55af-ab88-f60b02efcd1f
1419005000-030000000000000000-00034,b0b77da8-343b-5235-aeee-8e4412cdd972
4200003001-020000000100000000-00029,c916fcfa-9518-5f37-865b-0ef9433a1ed5
1004000000-901000000000000000-00009,2cf0e239-e069-5272-9654-615105a7b92d
5400003002-021101030000000000-00020,714fcf05-1e96-55ea-93e1-9aa532d69415
1419005000-312061000000000000-00236,3b5469e2-490e-5a6b-9e99-31c7e811dca4
1417000000-301101161101000000-02209,7317826d-5652-55de-8ede-0122f3520493
1417000000-301101070403000000-02499,b373bb18-c595-550c-809c-dcd0b2adff2a
0800000000-101303020300000000-00040,8a6ca8ac-519e-53a8-bd55-dd5466bd0109
1420000000-090100000000000000-00026,cb0a2f63-a846-5e49-8cbf-2da08d76980c
1412002000-301202000000000000-00031,aff28e4a-a6fd-5b5b-a686-75def8e8f2a8
5000000000-801101011600000000-00309,1e510750-b6ab-5577-97ba-0b18a68e834d
6600000000-801102150000000000-00311,6cfd1baa-1a57-5570-980a-b04884f28285
2318000000-901104000000000000-00014,7d4750a5-bf48-507e-8c12-d5c602aa15ca
2800000000-101101020000000000-00017,d50587f7-54ea-5cb4-a394-8bf5864ca183
1417000000-301101080300000000-00311,735488aa-eedc-5848-8532-642a1410a774
4900003001-220000000000000000-00004,40f6c07b-0fbc-574f-888c-577332c9df77
1400000000-101001000000000000-00005,0a512695-454e-5efb-8f07-d8687817d920
1300000000-101302020000000000-00070,759d7802-5823-53a3-9ce8-9b8755bc8099
4500000000-801101020000000000-00007,0fe09999-9078-5f58-99ce-1fd8e89678a9
6300000000-801302000000000000-00326,f5e839f4-6025-55d8-a9f3-4d57f950ec10
1903001000-150101000000000000-00025,b8d18468-c272-5ecf-b13e-225156675f59
2903000000-902101000000000000-00001,545c87e9-bcf7-5690-857d-661e7bd94136
0800000000-101001000000000000-00080,9a357ee8-af75-5745-9d6b-96245056e2fe
2903000000-902200000000000000-00060,678a90d5-d386-5291-8cf3-cfa9369493fd
1202000000-901102040000000000-00001,bc77268f-536b-5822-a4b3-f8b7f4693363
1903000000-150105000000000000-00202,9da3b1e1-bc6c-5ac8-aa19-87241bfd0366
1200000000-101500000000000000-00041,d777b059-1584-5dfe-ad1e-d8a7b6ef7c14
4800000000-801103020000000000-00034,31b8afd7-e3b3-5fa0-b179-63f240a719da
6000000000-812301010100000000-00086,f7405ffa-49b1-5692-92de-6d8d8f73aff2
1001000000-140200000000000000-00167,1b12e498-10cd-5198-913f-75a324a0b3b7
6500000000-801108000000000000-00088,2568b234-b64e-5b21-bc67-083eb7a97c01
6200003001-020000000100000000-00049,cb9f31d3-8369-5093-9e7c-26960bcc91da
4200003001-222101000000000000-00020,ba578974-c63b-5ac1-8f05-403839351147
5200003001-020000000200000000-00012,7f6abd3e-c69f-5e34-96ab-50b2a4b090f1
2205000000-140200000000000000-02101,6636e521-7f4a-5aa9-9943-8020e1a5c44d
4100000000-080101030300000000-00046,64f4d66b-4f82-53e2-8b98-515b9f30b753
1400000000-101103000000000000-00026,e3ec72fb-535a-55c1-998b-b1214ac00e2a
0300000000-501202000000000000-00111,f146e3c9-b7d6-5260-ada0-2c72cea589ce
2600000000-101001000000000000-00045,0f5d0faa-2e90-5313-95d9-8e393607444f
2600000000-101200000000000000-00011,f25e9575-ed7c-551b-918b-d4124747c0e0
5700003001-212000000000000000-00005,5f3a99d8-ae67-569f-8097-2a89de1fdbc2
6300003001-201015000000000000-00004,a8fa6d65-c630-5014-9cb0-820be9c489fb
5900000000-080000000000000000-00009,8ebaa23d-2b27-5aa5-b2fa-bc95a6cce1f4
1002000000-901200000000000000-00033,698f0d2a-904f-534a-913d-70fc0963b938
1413000000-901050000000000000-00902,45981540-a6bf-58ba-bf3e-f7c051533183
1903000000-150101000000000000-00003,dd7d9eee-6fbd-504c-8e1b-905bc3b91231
1603000000-201802000000000000-00001,ad5de71e-fb7c-5929-a31f-fdaea788b958
5700000000-801010111700000000-00074,37849706-d245-5e02-850b-0c6edfa06324
4800003001-020000002200000000-00012,106c1bb2-7e7a-5716-9474-f2946ebc40ee
1413000000-901050000000000000-00905,55d9b7ad-2b5b-578c-a218-2e2b00729ac8
1413000000-090101010300000000-00079,f3645f17-6c85-579f-a2f2-7ba54445130e
1420000000-908000000000000000-01061,f94357e7-913a-5b5f-b919-333d7c26d646
5000003001-020000000800000000-00006,b1b324de-0d35-52d4-b5a4-0fb76c2afc9c
6100000000-801102020000000000-00073,5d3661f3-2e8e-54aa-ac7c-95538d995bc9
1600000000-111011130102000000-00023,56ab38ea-1cff-5922-b548-941b2dcb2751
5800000000-801101033000000000-00075,98da2d36-fe8a-59a6-b691-69fe3be42aae
1419005000-030000000000000000-00004,b0062ac5-4c19-5947-a6fc-39912ac36be5
1800000000-101101040000000000-11610,27b03501-651b-5ba4-8d64-275d05c90598
5500003001-020000000100000000-00045,93723cef-28eb-5345-adc1-c1654f369087
1202000000-901101050000000000-00036,da837068-372c-5910-94e3-420e1ace2593
5700000000-080101010400000000-00013,7bd01ab1-1be4-5f5d-8176-dd1855fd8a13
5100000000-801112000000000000-00071,f40bc0fd-df97-59a6-8b4d-ca7f7a6a69b6
1417000000-301101161102000000-00914,483e0bb5-ac5d-5934-a51e-c40ffe96422e
1000001000-101000000000000000-00031,aafdc3cc-851c-500d-9c10-5fe271b8b214
1400000000-101103000000000000-00031,4cff98b3-2bf6-59f7-b859-50afe610ba67
6200003001-205010000000000000-00018,8538ce49-275f-51c5-8811-00c8658d2aad
1700000000-091012000000000000-00030,03fb8c36-91dc-54d5-a8fc-94bdfd7d7e19
5200003001-020000000300000000-00011,a445acaa-f16c-5845-a9e7-f86cfae83b75
1413000000-090104010000000000-00061,84dc855d-1ed1-584d-b84b-9f82dc86bc88
1412001000-301205050000000000-00069,2d48959f-5f81-5ae9-9b63-fdd309980665
2204000000-901400000000000000-00002,ff1d4f5e-8509-59a5-875b-b089d42d3b07
4100000000-080101000000000000-00009,f59edd7e-aefe-5102-ab30-723e2230d46b
1700000000-090800000000000000-00048,b12d96eb-1e1e-5234-9763-a3ee39515467
0901001004-110100000000000000-00006,e2112768-7fe2-5c08-8ce7-d4e1dbce3038
2201001001-901001000000000000-00049,50d4de6d-5a95-5fe0-96cc-2e6801355e6e
5100000000-801102000000000000-00033,3b8a19e2-184a-5559-8276-c7eff0a89004
1200000000-101105030000000000-00173,bd333acf-cd0a-51ee-a5bd-59125e3a0ef3
0303000000-060300000000000000-00011,38e4c08b-7d03-5214-bff3-cbbffde79466
6200003001-201024010500000000-00004,1ae76987-0de9-5f73-8804-ccffd654df5b
5500003001-020000000100000000-00019,34975057-83d3-5e13-9880-d66777fdd62a
0901001004-110204000000000000-00003,5b734735-371b-59ba-9aa8-22de3e93f313
6500000000-801103110000000000-00071,1ee4caba-e9e6-5969-b27b-51a6ed7f8d29
5700003001-202011000000000000-00110,69e5ab7e-efaa-58b9-860e-7e4e58916ef1
2318000000-901200000000000000-00033,e5ed184b-9ddb-53c1-8c06-06c1362a4c8d
2300000000-010102070000000000-00046,99cad230-0535-5ba1-a779-19b546a2aeb9
0901001014-140000000000000000-00028,77ce79c4-68e4-5b0c-93fb-904094ee7579
5800000000-801101032304000000-00324,8962dc09-dc71-584f-891d-d9ff14723a07
5400003002-021101010000000000-00046,9eec1865-045b-55dd-9084-f79e74398bcc
7000000000-801201010109020000-00396,3d4498a9-6933-5df0-8742-586fc91cb378
1413000000-901050000000000000-00107,33bee53f-8593-5abb-8488-2cde3dc73330
2903000000-090100000000000000-00019,60cbd3d0-10f0-5dad-bd01-54d80228d484
2318000000-901102000000000000-00036,86a4acc4-1f7e-5ba9-aec9-c7015870ab47
5900000000-801105180000000000-00088,8ecd6dd5-e86e-5daf-85b1-a1c168a8017e
6500003001-227001000000000000-00003,ed99a622-ba1c-5350-b28a-d0b29ebbf082
1602000000-201302000000000000-00082,d431bb2e-f29a-56d9-8e99-2ab77beb181a
5800000000-801101030101000000-00085,8f87d635-98c2-5ac4-9523-97e57f820b9e
2500000000-101901000000000000-00080,2b152ecd-042c-515d-8073-7a0645d898e1
1605000000-901102030200000000-00224,f0482ca5-a3fc-51b7-83cc-e91b15c5a2a2
1700000000-960119000000000000-00034,75ea19fd-efbe-595c-b768-6c08830c6b98
0901000094-140000000000000000-00010,acaa3a5b-207e-5ed7-a5a2-3d37a001ee25
5000003001-210010000000000000-00024,d66c1815-37ba-519b-97e6-fc1bdc39a947
1413000000-901050000000000000-00103,3eefad3c-7ba0-5e1f-b321-41ca0680ab2b
4000000000-801102150000000000-00309,de94894a-b52e-57e9-816f-7ba25b93bf08
2318000000-901000000000000000-00034,29a6f946-00bb-55ee-807a-df5b6e2cc921
6900003001-201605030700000000-00005,88ff4fcf-5456-5260-ab18-2e14593f5075
5600000000-801900000000000000-00042,7ea21eb0-b702-5ae2-ae40-69a2e2943299
1432000000-101103000000000000-00022,389a48d3-0b92-5440-884f-9300f344c472
1600000000-111011110100000000-00049,091cc233-6557-57e7-84f8-5352f8b4bbf5
7000000000-801203100000000000-00307,9df19267-40d0-55f3-96ed-19c7310a004f
4100003001-219012000000000000-00014,3db7d096-2b2a-5a4f-8cd6-2ecf06e923a5
1606000000-999990110311100000-00098,29ba5a51-0221-5627-806a-aae6af78b3aa
5700003001-212500000000000000-00010,c432a080-ab65-5c31-8370-e1984680936f
5000003001-204010000000000000-00051,623651c5-9f9c-594e-b61f-3144392e507f
4000000000-801102010000000000-00005,d4c3d534-941c-5616-a442-0e4c548199fe
5500003001-219101000000000000-00023,ba8c42ef-0d7e-5ad3-9087-8d16162fcc38
0901000098-140000000000000000-00009,580cdf68-d05f-5e9b-a3db-852fc98e269e
4400003001-201012020000000000-00151,5b096499-fbca-536c-820c-c67ffa3f70d6
1419000000-301205010200000000-00003,86c5b299-3fc3-51f8-ad29-57a03edccee7
7000000000-801206040000000000-00359,a44c5a0d-165a-5f84-870b-f38250e69c7d
1002000000-901000000000000000-00011,6a999e41-7108-5eb5-a4b1-a8896aee7848
1421000000-090204000000000000-00052,350dd33e-9b25-5d9f-bb40-6e207468a09b
0300000000-501101000000000000-00039,1b0fed4f-8718-561a-9329-92d25e40f745
1419005000-312062000000000000-00163,7d8ef425-f3f3-5d22-8903-1c614dc7d612
2204000000-901000000000000000-00030,baba32ec-7c4f-5ead-b24c-19917a94c7e4
1412001000-301205090000000000-00166,d49363c2-c34e-51eb-8b65-8e5abb594864
0901001004-110206000000000000-00004,7f18196c-0c6c-5c87-9c82-0d81cae8948e
1000000000-101106000000000000-00047,7268ad5a-2bb6-50e4-8111-4071cf288975
1001000000-140301040000000000-00022,4d252640-14d4-5bd8-b287-8ea2dc464678
5800000001-801000000000000000-00008,b9f42575-2eeb-5ce2-a4f2-d56239d2ebca
0108000000-140702000000000000-00041,4de0bdcd-1b22-54fe-9b28-d50c4bd651b0
2600001000-010000000000000000-00001,375ea110-bc0d-57c4-853e-824a686f6bad
2300001004-010000000000000000-00013,1cc59ecf-8936-5b1f-bd2f-01c8ae8f1a33
2318000000-901105000000000000-00003,bdf69159-54ce-559d-b6d3-694e8161bb10
1417000000-301101161804000000-00953,b7f42ed9-d839-51ff-ac6a-65b77fcc2b0e
1500000000-101500000000000000-00040,a6f00a87-866d-51e5-89ab-862132d8f2c5
0901000000-140601010000000000-00181,43b9e744-6efb-5fbe-ab82-55a837a6bd0f
1903000000-150103010000000000-00022,051e36c4-26e0-5b88-a939-83327fe6f485
1000001000-101000000000000000-00030,67ae69c0-42d4-5c3b-a74e-7cdb026c1ffb
1402000000-901600000000000000-00020,cd787e34-0c5f-5208-b49a-3b53c9836a16
1417000000-301101070302000000-01302,853acbdb-cb51-5709-812f-601330ae6fae
1412009000-312061040000000000-00426,c88ad0a8-fba2-5124-9574-a4f169c925f9
6300003001-240000000000000000-00067,f3a1f0be-1a6e-5493-bfc3-35a150da6640
5800000000-801101032305000000-00324,c97c798d-925c-5fe6-a185-0f1fdbfb094b
1602000000-201101010000000000-00300,108fc74f-d79c-5219-84e0-ae4066cdfab1
1802000000-901500000000000000-00023,2bacd3a5-b08b-54aa-a240-a014977752b9
1413000000-901050000000000000-00148,8dc1e4dc-96ca-5cdb-8492-01cbc767c7c8
5100003001-020000001900000000-00009,6feb3ca5-87eb-5da1-ae6f-6dd08bffb60c
0901000000-140202070000000000-00058,da2c2209-ffa0-5ad3-84c9-34ab04934b01
7000000000-801202011100000000-00411,50e38d70-d1e0-5c9c-87d7-0b5442522b5b
5800000000-801101033000000000-00076,40366a77-6489-5c00-949f-11734ff1a64b
1605001020-090000000000000000-00002,b3975081-178b-59d2-ae3a-50c19e53356a
1412002000-312063000000000000-00323,9cedbf26-e38c-58fe-92e8-762bc6318a39
1419004000-312050170000000000-00204,1220bd47-d64e-58ff-aba7-d967cf37aaa9
4800003001-020000000100000000-00014,b8434ac3-eb0c-57b5-b094-5844bf96dc51
1413000000-090102000000000000-00034,0ed2f9c5-1a76-57fa-a180-cd28d3efaf5f
4200003001-020000000200000000-00032,2ca80a06-03a3-53af-ba09-5f7dce0fd8a6
1202000000-901101070100000000-00006,ef1fc804-253d-5743-bb73-1b965f937352
1800000000-101103000000000000-11608,214bbd10-9ce8-54df-ac43-f7f52fef8b8b
4000003001-201013000000000000-00020,e9419ec8-8900-53ac-9f72-39e00e812477
6600000000-801102010300000000-00006,7c307e14-2bad-5d74-a165-a338f318d431
1605000000-901101060400000000-00067,7096bce4-755f-57ae-a082-2e0af050acf0
1419000000-301400000000000000-00067,09614fdb-8d53-57d4-b5d6-ec590c1d5ab4
6100003001-020000001100000000-00011,99c336a7-9e1e-5e7d-b9b3-0e07884cd924
6000000000-812104000000000000-00090,66b7971c-490a-5840-a976-7637265b20c5
1417000000-301101080401000000-00330,77f19134-2931-599b-88c2-9731b2e87e5d
1420000000-090100000000000000-00023,9a88fb4e-671a-5438-82cd-2013ad1cbea0
2304000000-140000000000000000-00021,d431fcc1-b573-528b-87ce-f9a55a972c31
6900003001-201604010000000000-00008,0a88814d-035f-5d20-81fa-cdc7068210c0
1903000000-150101000000000000-00009,ad7c9573-7e29-5f0b-bbfb-cef584a61f85
1413000000-901050000000000000-00131,2a45a7f6-d329-5b0c-9f19-9e613c218136
5500003001-020000000900000000-00005,c60c15f1-a564-594b-8c69-0eb1576f0227
4200000000-801104100100000000-00323,a3be372c-e838-5038-9736-c465d7755ba5
6500003001-218001000000000000-00009,df4ffb51-1131-5626-82de-c472611fda56
6000000000-812301010400000000-00012,71718673-8686-5b75-9a69-78a82ff61839
5100000000-801104000000000000-00050,61e04968-00d5-57f4-a8a2-9a7ffc147bbe
1000000000-101106000000000000-00042,aa04ed25-8257-5eb7-8180-51e2d89abf79
2500001002-210100000000000000-00017,e563abfa-33f8-5da2-b1b4-8a5c20146660
0110000000-601000000000000000-00016,90434391-802b-57ad-98d6-d744f1ffdf80
1605000000-901101070300000000-00115,180e627d-a64a-510a-88e1-5e9a6323496f
1200000000-101105070100000000-10317,ac39a9b6-6b6e-5d37-97d4-6c878f1c961c
1601000000-201020000000000000-00128,75904425-f384-54a2-a00d-ba4f79afa8aa
2306000000-901001000000000000-00016,761a831b-7acc-54da-948b-75a8b5147a04
4500003001-020000001000000000-00018,18a82255-7587-5399-b030-0938dc187b06
2201001001-901001000000000000-00043,4c087f6a-031d-5a43-a84a-461c6ffb770d
1417000000-301101110400000000-00414,b4c7a0de-0f50-533a-9ff5-a03eb13fe323
1802000000-901501000000000000-00011,f829cec5-7fe6-5beb-879b-08699661406d
4200000000-801104180000000000-00071,e01514f5-d6ed-5665-8eef-27d38f42f733
1903000000-150102020000000000-00041,bcf06dc3-6f82-55da-833b-aec81fd6f148
2900001001-102102000000000000-00020,27c53552-c363-5286-8e4d-a0c8c5aff3f8
0108000000-140701000000000000-00039,526822d8-6c27-5719-92b7-151fcbc67054
0303000000-060300000000000000-00012,2ea77632-cfef-5270-87be-2b8776a53300
1001000000-140203020000000000-00049,3594f3ef-ef04-5114-9976-9c88aa933bd4
5400000000-801101020000000000-00037,58158562-a037-5e18-b628-25e165281f44
0700000000-103000000000000000-00163,9ef0f2d3-ab94-5fb3-941f-ae224a89219c
1412009000-312063000000000000-00419,e8355115-47b7-5854-8a27-3affcaf4ac75
1300000000-101307000000000000-00038,ab3a1ab6-2508-502d-83bb-b5fb08f24e75
1005000000-901201010300000000-00006,c681ab9f-3dd7-586f-a128-1f44a702f196
0901000000-140501060000000000-00118,3511cf08-1b15-544f-9f35-2e12f0f51aa6
6400000000-308811011400000000-00073,99113b52-9e7f-5e72-a1a5-ba9233928eed
5700000000-801010111400000000-00077,5c91d0bb-ba5e-5704-be31-a23e359eaddc
5600000000-801312000000000000-00071,a87ce47c-5f66-5417-b1dd-dff8e5b77e3c
1802000000-901202000000000000-00026,2298c313-3844-5c2f-a9ec-391a99aba7e3
0901000000-140501060000000000-00160,7ecf75ec-5dee-570f-ba9b-6587ea54e9e3
4000003001-201026000000000000-00010,93c26ee4-ab91-5fd0-85e8-94ee3c88e9cd
1903001000-150101000000000000-00002,f71d2fe9-9d36-57b5-80cc-3203705e173b
4600003001-223105010000000000-00006,a021bbf5-422a-5f14-95fa-85a486682c80
1005000000-901201010200000000-00007,1e440c4a-3723-5391-839e-c2ea0e1272d4
2205000000-140000000000000000-00066,8d5064d6-937d-5360-83ed-62290ea0dd1f
2206000000-090301020000000000-00047,28abe427-03e5-53ef-81cd-4263e280f4a4
2000000000-010102000000000000-00019,fb4a1f2a-90e9-5925-a084-5f7d9b7f07e0
1600000000-101000000000000000-00037,82d61723-9d80-51a1-91cb-520db27f7142
1001000000-140203030000000000-00070,5bbbebd1-151f-5df0-9595-d08707a56cc4
1804000000-902102000000000000-00003,06551acc-7753-56a0-b7bd-bf9a95f890d8
0300000000-501202000000000000-00112,21f49e4d-11e1-5dd2-ab67-8e59727cb611
1300000000-101302000000000000-00077,17daef4d-dff1-5e40-bfe7-82bd777c9971
2903000000-902200000000000000-00056,15258e20-e8c9-5537-a69b-a50605bb00d0
1420000000-908000000000000000-00039,1ec6a02c-7a0e-51ff-a5da-94d8bf1648a1
4000000000-801102020000000000-00083,5ce3eebc-2492-5b69-a20b-9ead75a9b03e
1432000000-101103000000000000-00053,51c85c84-61b2-53bd-9e3b-4567663473c8
2204000000-901200000000000000-00028,3568a0d6-b63e-5b94-8ae6-1f4d76cb6405
1412001000-301205090000000000-00167,d40e1bf9-e85e-5f20-88ac-b5f6005dc280
1209000000-090000000000000000-00007,fdb3fe23-cf24-52a1-a45c-9c392254b338
2900000000-010101040000000000-00042,a3d1b6fd-0229-5731-92e0-0437630e5f8b
6900003002-201001000000000000-00018,c2155e39-3374-5238-bed4-9b303793e46c
1200000000-101203010000000000-00054,6ce314e3-984d-576e-a573-4e3037a81f5e
1417000000-301101080801000000-00818,e0a81c7d-b228-5af2-a8b0-34ba322ba7ad
1421000000-904000000000000000-00081,94ec8306-810b-57ad-ae51-479cbf89afcb
1602000000-201304000000000000-00060,862d8dd4-a5c2-537a-bf37-2c4528647545
2903000000-902000000000000000-00068,2cd34ce1-5bd4-584f-b803-60eff93b58a0
6500003001-218001000000000000-00008,51b34087-1310-5214-aadc-5e129cab02cf
2300000000-010102050000000000-00023,3b87160b-d048-5e14-acd8-c7daa56668db
2900001001-102001000000000000-00039,48ea74b3-54ff-5b5a-821b-12b3fbfbaaac
0303000000-060000000000000000-00021,80cb0aba-0317-5218-aec6-862fa037a09b
6000000000-812301010300000000-00040,11ffd836-8377-5ccd-8619-3f111698a44c
2903000000-090101000000000000-00047,f69cde54-db15-57f8-b95f-343ea290509e
2701000000-901201000000000000-00031,e51633f1-8c1c-599b-8fa1-05b860a263ab
1400000000-101102030000000000-00018,cc7cb9b5-bdae-529d-9690-762dd21da1b6
6600000000-801102100100000000-00324,a2938814-452d-554b-b41b-d279ee2a465e
1005000000-901201010300000000-00058,77719433-c55d-52a1-8944-5d23c6e67adb
4000003001-201020000000000000-00003,32ac6039-45f3-5262-8ebb-6c3ef0992942
7000000000-801203060300000000-00336,dbb16cdd-d074-5e0b-8b27-bc025f6d4798
5500003001-219103000000000000-00007,7181968a-aa77-531b-956a-b9868fb51589
0110000000-601200000000000000-00012,c1d5ab53-aece-561e-9a60-e5157c09a774
0901000000-140601050000000000-00174,9fbe20ff-8608-59c5-811f-e0ab1698ef6c
1420000000-090100000000000000-00025,a970494a-a282-5a71-9a4d-0234bc6aac7f
2313000000-901400000000000000-00028,a1a528f5-128c-5fa2-b903-56174f0e40d1
1302000000-901202000000000000-00051,307a949b-bd28-59db-8921-35e2670e7141
5100003001-020000000000000000-00039,919c26e8-e32f-53de-a0e9-8831a58041b5
2318000000-901104000000000000-00010,50cf8aa6-9748-5522-b80c-7e97581ad67a
1420000000-090000000000000000-00091,da85ec7f-a406-5548-ad3f-1aaf4848c67e
1500000000-101400000000000000-00017,b73ecd2a-709c-5149-b378-c290b6d49eea
5400000000-801101240000000000-00312,b49236d1-52c2-5e95-81b6-33a282b6d0e5
5400000000-801101230000000000-00320,db68f92b-1e4a-5ec4-ba50-90650aed9fc2
5200000000-801001000000000000-00004,d6b77af0-087c-503c-827a-b82c03aa847f
2318000000-901104000000000000-00013,3a5afdcd-9bea-5767-9b8e-65faeaf9e83a
5700000000-080101010200000000-00037,70e7beba-bda0-5e47-9c69-667cea21e705
2300000000-010100000000000000-00051,0218c8d9-1bb2-57ec-9fdf-e4c00378cc66
1605000440-090000000000000000-00002,170fc3b5-5ce3-51f0-9618-373acec83b3a
0901001004-140107060000000000-00003,dcbe3b7e-84cb-5030-9435-fdfb048694b3
4000003001-020000001400000000-00115,6b8167b0-bbfe-51b9-a5fe-4c159400e7a4
1605000746-090000000000000000-00012,a288a5b5-f129-561f-9473-d91ca9758e90
5900003001-202011010107000000-00002,6b9e5108-ff4c-5567-b2ec-e619c131153e
5400003001-211000000000000000-00097,ecd059d0-109e-50e4-afe6-e29a297b0dde
5500003001-020000000300000000-00054,09bf644f-21ad-5922-ae07-3b0bcd731ed2
2305000000-901100000000000000-00024,44268898-31ae-5c8c-8ab2-d22e979faba7
1606000000-990110101000000000-00073,5e9d0526-db80-5496-9995-a5ab6353292b
5500003001-020000000700000000-00013,551baec4-5e19-5bbb-b667-2ec4c51c3138
5100000000-801111000000000000-00319,5241eea9-3c39-53b7-b75f-ca311eaa1fb2
1802000000-901200000000000000-00013,9133cd34-3883-5357-9a37-a2abb55e902b
2305001003-901304000000000000-00012,0ca6302a-f3b0-51f9-a01b-642e56b80c3f
0901000000-140501010000000000-00129,7e64665e-c227-5c4a-91db-cd5a1db1d325
6400000000-308811012400000000-00076,a496c07d-2531-518f-b858-a693ae41c436
1302000000-901200000000000000-00007,09c2e70d-fe5e-582e-ab6e-ecff02caa6f5
0901001004-110204000000000000-00004,0be15b9d-7688-564a-a4ae-a65bc5bff23b
4200000000-801104110000000000-00311,5a43ae49-48ff-5c93-b9d2-7badf99a6bdb
4900000000-801103040000000000-00051,8d745dff-df9c-5919-90d0-1d29d37463eb
4900000000-801103020000000000-00032,12f1cfd0-0aee-5be5-8e9f-0db9c3ebf04f
1419008000-301201000000000000-00050,3146b8f8-0f29-5edc-8ced-bfe206008e25
0901000000-140501080000000000-00195,2e63dd19-bed0-5faf-b5c7-98c65298709a
1005000000-901201020000000000-00042,3f3dad50-158d-548a-90b3-7f9ea31d4e63
1419004000-030000000000000000-00004,d30e993d-3c20-5c43-a354-b718fd3ef6d6
4400003001-201011010000000000-00004,cdec8678-d4a0-5ba2-b5ab-6499a57024ed
1001000000-140202010000000000-00082,2d986f39-1fd7-5d72-8489-148deb5f9de7
4100003001-203000000000000000-00003,b9ea0e24-1a48-573d-999e-fab533f31007
0108000008-400000000000000000-00001,e9a4a726-1a0d-50f4-9fb6-b39b34f38f82
7000000000-801203080200000000-00293,e140ffcf-3568-579d-abdd-24f1fbe49fad
4500000000-801101130000000000-00075,8bd2cf3d-ea64-51fd-970a-1f611dc603de
6000000000-812100000000000000-00068,bba18610-1bbb-580e-88e1-b57648f6028e
6600003001-020000002200000000-00013,0ec6d0cc-7263-5f79-b097-274bca23fbdc
4700003001-201010000000000000-00023,0d25165b-6993-5905-960c-82092690df2b
6900003001-201605000000000000-00003,d8b6e0d0-b3a2-5072-b504-b3f3ec5d55c7
4200000000-801104020000000000-00035,2ff94482-5d9c-559d-90c4-1a06d46ba552
5800000000-801101032702010000-00324,b672136e-ba16-5731-982f-4d0b6f19e0d1
1432000000-101104000000000000-00026,d753e3af-2ec6-5060-a07b-bbca90ee0c36
4500000000-801101240000000000-00045,fce14e80-c552-5b65-86f4-97bd3b99d157
1303000000-601102000000000000-00010,1f200fcc-69f6-5f5b-ac7c-08bd9386db96
6200003001-201045000000000000-00041,47ff85da-863f-51e8-80f2-f00199cc23de
2001000000-901103000000000000-00027,13398f72-cc42-51f4-9eb6-9a9af8ef8301
3200000000-101103000000000000-00016,85bee962-4d6d-5b42-aa79-052752da24bb
1602000000-201305000000000000-00121,574852c5-cef6-5e2f-9068-3da2936065e3
1500000000-101101000000000000-00035,66210f86-d5a5-554a-add6-a5ac37139072
2800000000-101000000000000000-00027,5c19cbcb-e7b5-5e9b-a039-b6b1721fa43d
6100003001-227407010000000000-00001,6fd69870-e5a1-55d8-be00-ab45cdc55762
5200000000-801104010000000000-00029,8ffe59eb-7a0f-587a-a67c-e923e20bec6f
4000003001-201025000000000000-00014,400581bf-8dfe-5f37-a3d0-f20ae25758aa
1001000000-140201040000000000-00140,1d4729cc-fee8-5fcc-b7ae-36364b58df80
1000001000-101000000000000000-00004,e7bf638a-d0e3-51f4-9c1f-b86f62653455
5100003001-020000000000000000-00063,c0a41bc2-da28-58c6-86a8-8b458b52a30a
2205000000-140203010600000000-00048,269939fc-bc39-5e3d-99a0-eb01fccb906d
1605000440-090000000000000000-00001,0ec822c2-5d07-54d6-b068-4c11657bdb50
2204000000-901501000000000000-00006,c4e0a47d-703a-5d6c-a059-c5b2f9602995
4600000000-801101100000000000-00073,4e1d7b0e-00f1-5fb0-b926-a04ee594af9f
0800000000-101303000000000000-00098,a1f0fde8-e801-58fa-b635-2e0cca4b1956
2500001002-240200000000000000-00120,1c2e513c-dfbd-5ff1-8245-ed25893f4e91
5900000000-801105060000000000-00124,9b4a368f-59b6-5861-9360-3d00ea5f7c62
1413000000-901050000000000000-00160,ae6fdc8e-7d23-54e4-8175-ac40afc084e7
5800000000-801101030200000000-00036,cecfb646-f3f8-5b60-8711-9f63d407e5a2
1419010000-301102000000000000-00057,9b7a0796-012c-5ece-9b94-672532ce4772
4000003001-201012000000000000-00037,92118474-953d-5d70-adf0-c4afaa500043
1419005000-031200000000000000-00104,b7aa463d-e211-501f-a0b1-a2c00c0a7673
1605000746-090000000000000000-00014,94405ea8-85f4-5072-b001-af0c321f41b8
4600000000-801101010300000000-00022,e487a677-a5e4-5751-bf43-82f04f366f42
4200003001-020000000200000000-00027,f2aad3c9-979c-5409-84dd-18f433320d0c
4700000000-801310000000000000-00073,c30bd990-db8c-5ec3-8c3b-b590c57b7cbd
1500000000-101400000000000000-00016,95202d82-3c5e-567e-a4e6-9dcd34714e15
4500000000-801101070000000000-00032,684e387d-ad2b-51c4-a07b-32d68fd74f09
2206000000-090301010100000000-00055,5543858c-c38a-5785-af81-085888566060
1800000000-101103000000000000-00001,be593bbd-7b19-5076-9e98-707e14b02a3d
0901000000-140601010000000000-00143,24e84661-277b-51c0-8e39-9642dddced26
6400003001-021400000000000000-00012,29f16182-28fc-5f8f-b3b7-d2d6491acde9
6200000000-801101230000000000-00320,36646eee-3113-5a6a-bd7a-f839a16ce8b2
0800000000-101701000000000000-00094,1c769819-5190-59a0-982d-3a885a502f2d
4800000000-801103010100000000-00007,57e02d4f-c6b6-57de-b99f-3f0eed2c9f53
4500003001-020000000300000000-00001,08877b86-a84e-5753-8961-f463afc12ccb
2700000001-101100000000000000-00003,2e28ea5e-61bf-5764-ab12-e395a828af4a
4000000000-801102230000000000-00066,dafa301a-813c-5c1f-9b11-33ddb93a6bdf
1600000000-111101110010000000-00027,d8b19b4d-453e-5cfc-aae3-a5b0f6b8ffd8
2902000000-140100000000000000-00058,0d0fe928-55e2-580f-a98a-e06472e20700
2500001002-210100000000000000-00002,ddffd1ee-c337-52ab-996a-01f12a49fd60
7000000000-801203100000000000-00311,31f57af4-db60-524c-a4ec-b964be2507d0
5900000000-801105120000000000-00077,34b208af-39f8-59af-9b05-6720affd6402
4400003001-201012020000000000-00163,c6431d38-78c7-5bbe-b58b-6f3f1b7f11f8
2306000000-901201010000000000-00042,33ca0b07-c401-5235-8ae2-8578c2d9dc87
6100000000-801101020000000000-00035,f2e43c02-53ad-5248-bab9-74aebae07c9b
5300003001-202101000000000000-00166,85a0d0cb-3be4-582b-95b0-05421d957b2e
6400000000-308811011800000000-00069,59b479ef-65b9-5be1-8f97-979d4dcab4db
5900000000-801105070100000000-00058,17460236-99ef-522a-895d-1aff6ebcc34d
1605000000-901102000000000000-00033,b18ae1f9-4ee9-5b38-9c99-e5820d29b4d8
7000000000-801203080000000000-00330,ee52586f-2524-5b82-acb6-292365ac805d
1419004000-312050150100000000-00238,0e5d7d69-4385-5337-aa69-28ea1ad3aa65
1601000000-201030000000000000-00005,5c3e926f-ccac-5a5e-9b32-a23382d34c4a
1419005000-312063000000000000-00145,b0279fad-8f9a-5bc4-9a88-22e58dcd12ff
1603000000-201802000000000000-00007,237c78df-b0f2-51a6-b6bd-6a4cfbe24106
4700003001-201010000000000000-00006,e76a2c4e-98eb-5f57-99db-59842a3bf02b
6000003001-020000001600000000-00002,d7ff3840-9354-5f9b-b760-f25f4660954e
2701000000-901202000000000000-00019,836e6d93-4f76-55a3-ae48-406870818b6c
5400003001-211000000000000000-00014,26f3ce47-a7df-5623-b8e0-9e2cc3354a2b
6000000000-812301012303000000-00324,86bde719-bb7c-564c-b962-876ef8d90dcf
5900003001-020000000800000000-00014,be6fcd6e-fbc5-5c4d-9531-89bac3c7d8aa
1412009000-301202000000000000-00031,3611b7d8-6f8a-579f-b846-25b403937723
1417000000-301101090103000000-01075,069e68f5-9698-5ee3-bc59-b0f37f0297b5
1417000000-301101090105000000-02291,266f6202-db9f-59fa-9446-4282ae249d49
1804000000-090102000000000000-00038,191385f7-c32f-5161-b888-77b60db27963
2201001001-901300000000000000-00003,bca05af5-8fbf-5dc7-b2d3-7adc390b8ffd
1412002000-312063000000000000-00271,485906a9-2942-552a-8af0-b6022a34edb7
6600003001-020000002200000000-00004,cc85af58-4da1-530c-8732-fecefc824512
4500000000-801101210000000000-00066,8923fda5-fa93-50b8-9be2-9e529cf895c4
7000000000-801201010000000000-00343,4ad3d51f-7480-54b2-a8c3-6477a0a71fb1
6600003001-216001000000000000-00146,dd44e20c-2f41-5469-92a7-97298c148925
2306000000-901202000000000000-00029,78d3092f-c7b4-54db-b35d-6df420335b64
1412001000-301205020000000000-00086,25b942da-c0ef-5f91-b9dc-3235957fa991
1605000000-901400000000000000-00164,dcd3e2b8-fedf-5e57-a17c-b7f885142dea
1000000000-101104000000000000-00028,c2947be3-18e4-540f-856f-e2a89c3c8cdd
1001000000-140201020000000000-00141,ac068ed6-08b5-5f44-8400-e3fc0ef132eb
1432000000-101104000000000000-00017,33d4d1a7-23e7-54f2-b233-1a9235e32581
1001000000-140201040000000000-00164,133c285b-54b4-5331-b579-d5fb2dd3e78e
2313000000-901100000000000000-00010,901a8cd5-383a-556a-baa9-1420150946c8
0901001005-140000000000000000-00018,5e4f35bc-f1cd-549d-8d04-508ef33687a7
1305000000-901203020000000000-00149,5fcb3d59-bb7a-5509-9f2d-ccc8eb42013d
1417000000-301101080901000000-02055,e325feb0-46d7-51fd-af1e-956af444f701
0901000000-140501060000000000-00205,c149526c-3041-5afb-bcbb-d3c2ef6c7974
4400000000-803200000000000000-00322,04717c5a-7e67-5073-a975-e31ee83c5e39
2201001001-901202000000000000-00001,5021fe66-49d7-51a8-9055-6fab5612d782
4000000000-801102150000000000-00076,590697eb-e07e-5e1b-a262-eac5aa43436c
1303000000-601101020000000000-00012,23b0d52d-fc63-5c28-bf93-348412796340
6500003001-227103000000000000-00053,933fa13d-3125-59f2-aec7-91f3771988f3
4700003001-201012000000000000-00029,235b6eb6-e5aa-57ec-8763-7156b14e2360
7400000000-901000000000000000-00072,0b72f833-7e79-5c3a-b24d-d5ba28bab572
0901000000-140501060000000000-00206,f3e195b8-eb92-56ef-8d2c-8f7ce9e2c271
1800000000-101101040000000000-00026,0dcfa163-0bd9-5636-8a15-edc8c92fe7ab
1413000000-901050000000000000-00170,8074c7c2-8354-5003-9e1e-ab3f39de54a9
1413000000-901050000000000000-00178,02bfadef-018a-5840-8cb7-6e02927369ca
4900003001-020000000200000000-00010,690670cf-4d4b-51ad-8c3a-14b923199ffe
5500003001-020000000600000000-00053,255fcce8-5366-5ca5-b1d7-9d6fafc268ba
1903000000-115010400000000000-00089,7766d78e-49c5-5e66-8b6b-2bb5840f8f2f
4400003001-201011020000000000-00029,d64ed6a6-6772-5e5c-9fc1-3fcf6e17a47f
2902000000-140101000000000000-00008,4b4625de-dfd2-5680-88ad-be6ffc9cb817
5700000000-801010111400000000-00313,84ed12ba-28b4-53f2-aba1-ad2c035b923f
5900003001-225102010000000000-00017,7cac55a9-b0b8-50d7-a36b-4370e8b43ce5
0302000000-060100000000000000-00007,fd2ec09a-ff89-5e30-898f-d22affab20de
1209000000-090300000000000000-00022,537c09f0-c572-5d26-a11a-08491721ce2d
2207001000-101600000000000000-00055,7293fcf0-7db2-593e-bc74-cb24c2934640
1412002000-030000000000000000-00030,fb053268-8e16-51b2-bb23-7106e33f8313
1606000000-999011010110000000-00062,442c5fd8-12b3-58bb-931f-6e52a5f2ee36
2500001002-210100000000000000-00012,0f344605-33f2-5fed-9bd0-9420970470b8
2300000000-010102010000000000-00018,92a958ab-d095-5f3f-b9b2-d77e62075dc1
2201000000-090101030000000000-00015,9f7ef7d0-2919-5caa-980e-3e84c19883d0
0800000000-101307030000000000-00083,b6085f4a-7f1d-5630-8098-bb505fe1c423
3200000000-101001000000000000-00024,1190169a-c7f1-5a0a-96d6-0d34221b69f1
5900000000-801105140000000000-00073,ca83c930-7ab8-50ed-a181-de80f0e1e014
5600003001-201011010000000000-00028,e48f008d-773c-5b0e-a04b-09c5c6e7aaed
0300000000-501202000000000000-00105,23b4e1df-228d-5e34-ae8c-402c572aee0f
1605000000-901103000000000000-00180,3ce2d65a-b76f-5bb2-ac29-2c5ba77b97eb
1413000000-901050000000000000-00157,feb12cf6-d2c2-55d0-862c-72963d8f86ef
5300000000-801103060000000000-00079,5d2526dd-48c7-5fd4-a1ea-04ea5c3ae371
2500001002-210100000000000000-00007,e5cba576-daf9-5745-b656-88f24d8e4ba9
1413000000-901050000000000000-00187,05188ffd-501b-5124-8078-302fc43dd925
2305000000-901303000000000000-00228,1dac7c6d-efc2-506d-b5a7-176a48a9d42c
4900000000-801103080000000000-00066,0359a3a0-3acb-5dba-a9e2-e26735220b0b
6100000000-801101010100000000-00085,72b2bd0b-348d-538e-9963-66d37b92c9e1
1204000000-901000000000000000-00015,e1f9da7e-788f-593c-9be6-d0e940f4e800
7000000000-801203080200000000-00294,fac93dbe-2023-5e25-84c1-769703a55747
1400000000-620000000000000000-00006,afe8bb77-fd7c-5023-8a90-1e27d2137815
1421000000-904000000000000000-00085,5aa2f545-3371-5ba6-9178-1f75b9275fa7
1903000000-115010400000000000-00071,74abe5a0-9ca1-5e82-ad68-ac59f072705c
1419004000-312050150100000000-00013,d38fe4f2-b98d-5100-ae09-23cb2519b5f4
5100003001-020000000000000000-00031,42f3faf4-855f-5eca-af53-91ffa045de02
6400003001-021500000000000000-00080,4e2c9bc8-63a1-537f-8b46-73ad250d698f
4800000000-801103010300000000-00093,86d3c7ac-d3fd-5bae-a937-ac8685960e84
4100003001-217300000000000000-00026,8b06715f-6341-5fd0-8251-d1900ad98737
6400003001-020000100100000000-00170,060aa7ae-b52b-56a2-aae0-f8a5c86d0140
1420000000-090400000000000000-00024,ac743d33-8caf-5974-8851-9b160b65ab9c
4800000000-801103250000000000-00088,cec7c166-e3a8-5f4a-a65a-7f7b47a59d38
1903000000-150103030000000000-00199,417c3bd6-dcfb-579c-8992-e3be32fcc794
5900003001-020000000700000000-00016,485cd84e-08e9-53b8-a5dc-859d2ec479f5
6200000000-801101250000000000-00084,a3ba3df4-92e8-535c-a5d4-a612dd952bd3
1605000000-901200000000000000-00169,38c57239-aeac-57c2-babd-6c8e99e98c73
6100003001-227408020000000000-00004,9943a995-fe36-5261-8c7d-61fdedc38029
1419010000-301209010000000000-00086,a905e1c3-60c6-5c8d-b4e1-b46604e6ffc8
5100000000-801115010000000000-00324,60066a0b-3f87-54e5-8971-3ab9ad6eebdd
0900000000-101100000000000000-00014,4b39d0c5-879e-51f8-9209-0b687fc0d007
1413000000-090103000000000000-00022,9c6a5627-22f3-5dc4-a490-5dd84828097d
6400000000-308811010101000000-00010,74c71937-fea1-56be-8b93-537636ff8e64
1605000746-090000000000000000-00007,67bbd7c6-9fe1-56be-978d-9959d9cf63a5
1001000000-140203020000000000-00120,bf83745d-b856-5f59-974a-8e4da92e46ac
5800000000-801101030102000000-00082,95462baa-7b85-58f5-af5c-bf0d4da5b326
1802000000-901601010000000000-00145,ad1c4537-8bf0-55bb-b258-9aed61e1bdb5
6600003001-020000001200000000-00009,52c573f2-3beb-504d-a819-7f21fd87c7bd
2902000000-140105000000000000-00007,7cd5c2d2-f11e-57d2-8ef9-5fa8d5d4e2cb
7400000000-901200000000000000-00006,5835cf5b-4b4a-5db5-9b6d-f9b19aa989ce
7000001000-201001000000000000-00050,8eb09303-2401-5768-90bc-dfb8747fafa7
2206000000-903010101010100100-00048,772cb063-529a-5a98-b911-da6eac6c1e6a
6200000000-801101160000000000-00322,38beb0af-e462-5403-8a9a-1792ab7c039e
1602000000-201400000000000000-01359,cfcc8349-a890-5ab3-a07b-4188fb2211b7
1602000000-201303000000000000-00065,a77caf47-b98c-58e3-aaee-fc85caaf91b3
1421000000-090205000000000000-00035,838475ca-f271-5e8d-8d4e-3234813e7dea
1804000000-090102000000000000-00043,22909852-84a7-56cb-b9da-f731f35c0cf6
5200000000-801104150400000000-00323,16029d32-e4fb-5a81-ad50-3fc85221dfbc
4100003001-201300000000000000-00011,21feb55c-2795-52c3-8769-fe70b16263a7
4500003001-020000000300000000-00213,9bd4f819-0e5b-5a14-98bc-803ffd0f3348
2201001001-901202000000000000-00002,58ddf2d3-188f-51be-976e-8d06b4ce9313
5500000000-801103010100000000-00103,b870cd2e-8ff9-5654-940f-eaef91314196
1605000000-901102010100000000-00253,090f8e3f-37ef-5ce7-b664-636150eb9d46
4900003001-214010000000000000-00006,db60fdb9-97ce-5866-85e7-585779a2655a
1004000000-901102000000000000-00029,349313c3-04b1-537c-ab99-2b2bb9b77682
4600000000-801101050000000000-00111,a86d3b7d-258b-54fa-92e0-34bf20a76a11
2701000000-901101000000000000-00033,7e4bb87f-df33-5190-8743-87dc47c76b7a
6300003001-201015010000000000-00020,f16a6b40-9dc7-55f3-b668-6f2c5549a9c6
0901000000-140601040000000000-00156,aa244ae2-d55c-5a01-9947-7baf0e7f30a8
1005000000-901201010300000000-00028,fad7c1d0-ff7f-59fd-9f46-2b9e1fb528d9
2600000000-101000000000000000-00026,8151ba9b-5db4-5e08-a887-df643db8a93d
0200000000-501100000000000000-00054,c58131d1-678b-5778-a92d-e8f0c8d79525
1412001000-301205060000000000-00182,8d8f7525-97e1-56a9-a172-fe1159870447
1804000000-090101030000000000-00044,0dd89fc5-e3e2-55d8-8a9b-22aa108861df
4600000000-801101050000000000-00036,8da073a8-3825-5dc3-8b8c-861a34ee5647
5100000000-801117070000000000-00324,39255cc5-0ab5-5d27-8c76-c105781e6add
5600000000-802300000000000000-00059,3cadae17-25b0-5ba6-a26b-664564f6a309
4800003001-223010000000000000-00204,09a7a292-195b-5353-a4d9-2e4478b22564
4000003001-201025000000000000-00011,057d7f96-09f5-53ee-935f-20b92255e29f
7000000000-801201010102000000-00381,b5996a0d-8a35-575b-9c1f-b3248ffcf11b
1302000000-901203000000000000-00016,c83feb3b-b536-5cf0-84c2-2ffa0833e52c
4600000000-801101200000000000-00018,680ec419-6027-5be0-952a-a32827bea8f4
4000000000-801102180000000000-00068,b11a51a6-b0d2-5134-90b4-2056419f361f
4500000000-801101220000000000-00308,7fa539a9-771d-5a58-b4dc-f366633610ef
6000003001-202500000000000000-00010,c2ba1f72-6a22-50e7-821d-eaad798923d0
5400003001-211400000000000000-00013,98de0224-b50f-5694-a52e-1538197c5ef8
2900001001-102001000000000000-00038,3aa0a3b5-8a82-5cfe-b6e7-8a9ac72c99b1
6500003001-227101000000000000-00063,eae66357-791e-5346-b0b5-8a9afd633df8
1413000000-901050000000000000-00154,1ed45878-51ff-5e6c-b4e6-8b9324f9525d
1417000000-301101090800000000-01105,f814f315-7f25-5bb5-bfab-37244aa79be9
6800003001-201011030000000000-00127,60be887c-a771-5b65-b639-b93b4e12d694
5000000000-801101011700000000-00070,00783d8f-61a7-53d9-9b32-4fff751874e3
5700000000-080101010200000000-00041,e0225767-d94d-5ca3-b361-8fee0717de87
5000003001-211801000000000000-00020,ed5c4455-66d3-5b77-b528-5241f6cac53c
6200003001-205010000000000000-00026,287c9970-feec-5f40-b741-3d9b52c35830
1417000000-301101080801000000-00804,d868d269-ab71-570a-865a-a88608ee3703
5600000000-801306000000000000-00072,3ca201d1-3c58-5b48-8ca5-0c9dc42356a6
4400000000-803500000000000000-00319,64a80101-c576-51aa-bc8a-a0b4ca8afadb
1001000000-140100000000000000-00001,bb4c7d81-229a-53f5-b7e4-2ad41f0b754f
4800003001-205010000000000000-00206,7324fbe5-d7d0-548c-b4b5-7cd2757f5f80
5000003001-211100000000000000-00031,3d7234a9-2743-5df5-acec-e70e37fc4977
1606000000-999901103100100000-00040,71406199-a7cd-5d15-8dd9-80239cf26eae
0901000000-140501040000000000-00100,fbfe3202-e080-5a09-83b7-08c0c219310c
5400003001-380101000000000000-00011,e6faeb15-a97c-573c-afbf-e449fc487bc3
4300000000-801101010200000000-00030,dfbda37a-e30a-55d0-95e5-03db39f170b7
3200000000-101001000000000000-00022,4d816aad-3242-5cf6-90d5-9437871df5c0
5000003001-211801000000000000-00008,19f91ea8-4384-5d05-ac04-c67729835d60
5500003001-020000000400000000-00172,a3a82c4f-a2bf-5839-8915-4e7caf453ff8
2500000000-101001000000000000-00067,a412c977-b241-59cb-b9b2-41e83705a9cc
1903000000-150104010000000000-00190,b1caf3d8-5e65-5830-9a3b-cdea5909c5e1
6000003001-020000001700000000-00002,436986c5-f681-5323-8a24-83416927b4a2
2305001002-090000000000000000-00093,3f57acaa-ba8a-50ae-9b58-37ab4cc6e72d
1005000000-901201010100000000-00026,34aa6ad2-fb07-5e9e-bcf0-30479d4ba738
1005000000-901202010000000000-00075,625ee270-e520-5522-b63d-7d67240b53c0
1412002000-312060000000000000-00211,aab3da95-bc7f-5e11-b129-e82ff0c2b642
1903000000-150103000000000000-00004,72e9268b-325d-5eab-b7d5-8280a6e29441
2205000000-140200000000000000-02090,c91283e3-15a5-5f98-a9f0-170b50a8ecd8
1412002000-312060000000000000-00214,b07209ea-277c-56bd-a5b4-4f2127537264
2300000000-010102040000000000-00035,e26a3c58-e757-578c-a7c1-5834ff6dfc95
6600003001-020000002000000000-00020,f840d991-e6de-56ac-a6e7-6f7f036130d5
4200000000-801104080000000000-00063,aecbe05f-353c-5f11-8c97-1a85d9adbda0
4400003001-201015010000000000-00010,490e93f5-0239-5b9b-9532-908a21c1e27a
5600000000-801300000000000000-00021,b1d5a9b0-4144-5ebe-960a-b5f2afef2ed6
1420000000-902010000000000000-00065,7681734c-a270-5d74-adb8-9cd3bdfc211e
0901000000-140502020000000000-00114,10b1c6f2-9294-5ff6-8677-6e719ea4b462
6700003002-201600000000000000-00082,1b5da2c5-5844-50e6-ae43-c551e4143690
1200000000-101105030000000000-00172,8d4bc573-2706-5942-86c5-17e379657af3
5800003001-020000001900000000-00009,fa276120-e5ab-5e5c-92d1-8cc9963ee31b
1202000000-901102040000000000-00005,7cd3b248-f625-5a93-b35d-64eb5bb27114
1001000000-140301040000000000-00114,e5635838-5efd-59cb-a95c-91961cb2cd00
1417000000-301101070405000000-03873,3380c135-cc47-510f-8ea2-9f311e19a59d
4900000000-801103190000000000-00316,4308156c-ff4f-5d07-a0e7-e71344530bf1
5600003001-020000000200000000-00007,a752a5ee-0925-5ec0-834e-0595c3a6948e
0302000000-060100000000000000-00006,c88e3d78-e71b-51ed-97db-8350bb064e79
0901001004-110202000000000000-00006,32e98a29-4898-547b-813d-2a1ced5aa1ba
1419000000-301301000000000000-00040,b4c52318-cb52-5bf9-af37-0972c6735340
1700000000-960120000000000000-00065,d6c5aef1-8281-5395-9a19-6bdb8ace1a4c
1417000000-301101161102000000-00993,dd1efb4c-88e1-58c1-bbc0-06593d0b5ce3
1417000000-301101090000000000-01046,e04868fa-8d66-50e3-8dd2-2b5cd06e72ed
1200000000-101105070000000000-10309,ef87d6be-0a2c-5a70-8ba4-e0336cab7d31
1903000000-150102010000000000-00037,59f0e5bb-1b80-512d-ab3c-a74340a33d27
4200003001-020000000100000000-00005,6da5dc99-90df-504e-ad15-21ac8d9b153f
0700000000-103000000000000000-00164,39e4b000-f5ee-5881-b6b9-5df7a806597d
0901000000-140502020000000000-00224,c076f118-d9c1-5cba-bbcb-129e857083cb
1419006000-301102120000000000-00210,a41d1113-a67a-52e1-b462-4c8b4188c236
4400000000-802100000000000000-00043,a275184b-e28b-5989-89ec-00b72a2a4222
4900003001-220300000000000000-00002,49caf483-d229-53de-9015-a343953f9ba8
5900000000-801105150000000000-00320,40680263-6235-504d-814f-b3f2e39db10b
2701000000-901202000000000000-00049,61930baa-ac83-5082-a6fd-4e4db2d497a4
7000000000-801201010118040000-00399,64d173ec-5447-556a-9ff0-593dcfd9854d
4800003001-020000000900000000-00213,c5572acb-cf05-5558-af25-07726b373ff5
5700000000-080101010300000000-00046,a5883c40-a01a-514f-be05-5d79b2e9c551
1202000000-901101070102000000-00001,1b8e92db-9f8e-574f-b12e-a0206401942a
5200000000-801104210000000000-00072,22326a87-b7bc-5681-9d6a-4f9984e52b3c
5700000000-801010111300000000-00308,b7961009-f133-538f-979a-7f5254609edd
1602000000-201101020600000000-00326,8fd726f8-0a8e-541b-b16d-734cc297b84f
2318000000-901105000000000000-00016,b30533b2-8c71-5faa-9c9b-328bd5b22980
4200000000-801104010000000000-00005,592277fd-7d85-5453-8012-e014276b5914
5100000000-801111030000000000-00324,ec5d5f5e-0721-5c11-9ecd-b8b2de8609d5
7000003000-320000000000000000-00030,3d1dafa6-ed12-55f3-bc65-dae8562932ca
6100000000-801102110200000000-00323,815dd4d3-4008-59dc-ac64-353abdd3d0df
1903000000-150103020000000000-00030,7e67e8d1-b382-51ed-a8c1-50c5ce1b9ab2
7000000000-801201010112030000-00397,05059c27-9422-57e0-8710-74099662e738
1903000000-150103020000000000-00031,23b83036-6bd9-5ef4-b4e6-c2c7a0590f89
4000000000-801102150000000000-00319,d9484b77-fbe3-5448-8b3a-9df1e974cdc5
5400003001-211100000000000000-00045,c549d6c5-a625-5b5b-af7a-ae8d225e0efe
5000000000-801101010200000000-00041,e55ed573-aa49-5afa-9fe5-fe3436da36cb
5200000000-801104180000000000-00088,ce4b55b7-3004-5e9c-b9ab-17c674b1e543
0800000000-101000000000000000-00091,7bd16460-4ab0-5120-bfb4-73789575547b
1413000000-901050000000000000-00153,9a89ae27-fbd5-5b5a-ba60-7c6cdfb6cd6c
5800000000-801101032305000000-00323,7136e8bc-8fc2-5778-baa7-5b79d240f2dc
1412001000-301205080000000000-00195,259e12eb-213b-5779-9b7a-54d908d0a540
2201000000-090101040000000000-00040,e8e9427e-5100-5ede-bf8b-7aa68ddf899e
1601000000-201022020700000000-00109,eb7ab185-6709-576c-9ff8-2145300d49f0
6600000000-801102020000000000-00042,294357d0-b47a-5607-b835-ae5b0cca2ddc
4400000000-801100000000000000-00079,04ac826a-2c42-58e4-bcb4-5fa1ed7846fb
2318000000-901103000000000000-00003,003b29ef-4c23-5b45-bac9-bce3f083c4f1
5700000000-080101010400000000-00050,af7073d7-eebb-5d64-a1d7-ec4d199c0ac1
2903000000-902000000000000000-00021,64d94575-b78b-5a77-be46-8946f5229ebd
2206000000-090301010101000000-00037,c9f5717c-ddf0-542a-a408-7fb1ee66c5d1
2205000000-140000000000000000-00021,f16fe81a-1a94-56cd-b973-b99d8693a58a
5700003001-020000000400000000-00066,0e1abbaf-bf24-5d0f-bd3e-737c231c04ed
4400003001-201012020000000000-00164,939792c1-7d00-504b-9059-b68c9bfd1e2d
5800003001-201011000000000000-00006,b213a8dc-9cfd-5e84-8a79-02ee435b748a
1413000000-901050000000000000-00111,a1feb16f-3b80-57ef-9a6f-52f7a2e4417b
1605001099-090000000000000000-00433,7dfab696-1d8b-5637-9091-66e3715f0d47
1302000000-901204000000000000-00004,faf039c6-b575-5fd3-938e-acae35b6d294
1602000000-201106020000000000-00002,5f388e2f-ca0a-521c-8e67-a12951bbf0f1
1413000000-901050000000000000-00106,2dee2933-ab91-5256-9b7e-cf2f98791942
1413000002-090000000000000000-00008,6012672d-3deb-5cc1-adcc-bd37accfb744
2902000000-140101000000000000-00016,f3a1200c-8798-5685-a50d-2ba904c8fa06
5500000000-801103020000000000-00040,0c5a080a-6cee-5d20-9f0f-4eb7a1365019
5200000000-801104060000000000-00060,ae1a170f-253a-52b7-be71-80b6eabea014
4000000000-801102190000000000-00048,f753f5b7-f691-5787-b012-69cd727c08fc
1903000000-150103030000000000-00211,b057dfd2-b89c-51d4-b9d6-cf33dc5376f1
4400000000-803600000000000000-00320,587e6f6e-5075-5234-884a-db1540c440c6
0901000000-140504000000000000-00057,60d226fd-cfe9-5f78-81d7-c01dac612621
5100000000-080000000000000000-00376,3b003ac8-d419-5dc9-9712-652efd8850c2
5100003001-020000001900000000-00006,2f6df205-0207-5255-b4dd-6335e4083a78
4700000000-801301010000000000-00082,249bee58-4bdb-5b6f-9c85-f1ed1dea9d98
0901000000-140501050000000000-00104,d6b849e3-ab94-5848-bf0d-35b2eed5ef38
6000000000-080010000000000000-00018,65c0e024-c78f-513e-b20d-0c50918e0b29
1903000000-150103030000000000-00210,47345b8f-4a61-5559-bdb0-e164ca72a1fa
2500000000-101901000000000000-00078,6a562273-34b6-580e-917c-8b72e1902ba2
5500000000-801103010200000000-00082,eb9b6448-3c6f-5ee8-929b-5b0311c992f3
4000003001-201029000000000000-00014,9b737bf9-c032-5071-b75b-858ffc9634ab
6300000000-801301010000000000-00326,12a8c216-579d-5123-ba61-03cf3e045421
7000000000-801203060200000000-00288,a806aba0-67b5-5e86-b339-dada896bea52
1606000000-999901103100100000-00056,0b5682d4-39dd-55df-9e00-aa99285d86f0
1412009000-312050110100000000-00376,e58c8acf-2fe9-59be-92a8-e2a903edf866
1202000000-901102050000000000-00004,be6f8c04-b9c3-5693-99cb-4d918946d250
5100000000-801111000000000000-00384,3008f8dc-fcf5-5302-8745-61ecb787f9b4
5800003001-020000000200000000-00025,69f34143-76dc-5388-90b4-1fc94f5d0a4c
5000003001-020000000100000000-00214,459ac867-2eaf-51fb-9cf6-33cb25620d2d
6200000000-801101050000000000-00077,1d6a0b99-70b3-5b28-bb66-a9d91f01fd64
4400003001-201011010000000000-00030,c6789827-3232-5956-ac85-1fb839d7f61e
1419006000-301100000000000000-00012,3edc65f6-13e0-5c91-95a3-736e527444c4
1412001000-301205040000000000-00083,869dac8f-0470-5baf-b4eb-dbc8f6c68375
1417000000-301101160904000000-02123,160d7a81-5c8c-5040-bcb9-3d6f508215f8
5500000000-801103050000000000-00053,5bd9a551-e3fa-516c-ad3b-d73a59a88eef
2205000000-140000000000000000-00067,24a2906f-35f8-5161-8ce6-1913bf3c3495
5700003001-212100000000000000-00015,2552b358-bff6-503d-84cf-a9d74582534d
5700003001-202011000000000000-00109,4b1242c6-a36d-5c9a-b037-40b94912f4c8
6300003001-201013000000000000-00001,89b9388a-62f2-52c2-8564-ca6c0894372f
4200000000-801104010100000000-00085,0d76406f-78e4-5e61-886a-c7be6d9e6663
0901000000-140501060000000000-00191,b9fc0254-4bb0-5684-a7fc-4bbb3805fa33
0901000000-140202080000000000-00058,b0dc83d3-2bae-5e3d-8f50-51d1913c6f28
5500000000-801103120000000000-00320,c4d23c60-6561-5103-96e8-30a511c31107
1601000000-201010240000000000-00101,6f169fc9-89f1-53ec-a256-b1cc44b85757
4000003001-222104000000000000-00130,45bacd15-6026-5e25-8794-8ca866c37345
1417000000-301101080901000000-03282,7eef23d7-2755-5b44-847a-a9d92deedced
5200000000-801104150000000000-00088,c16db316-6d30-5c10-a330-6a8bdf2a4297
0901000000-140000000000000000-00128,6114cc96-9253-5654-9968-9bba5f974cf0
1419010000-301207000000000000-00080,d9930545-7035-59c6-8996-8d1320c88458
5000003001-210010000000000000-00017,371cfa22-7577-518d-856e-fc232cb81643
6200000000-801101050100000000-00324,2a40d2ea-a51c-573e-a216-876327c00a1e
1417000000-301101110600000000-00424,1678b04a-31c5-53ce-96af-f03bb49aea71
4400000000-802800000000000000-00309,46555056-f4ba-5ec4-b2ea-c91c7f5b8b74
5500003001-020000000100000000-00049,fd045b27-68f7-5e59-b9fd-82281f42a6a3
0302000000-060200000000000000-00008,ecb010b0-8d00-57b5-9a08-f1d8f7d46cde
5400003001-210010000000000000-00004,9d1549cf-4d6b-5395-80d7-cf761b928255
0901000000-140501050000000000-00223,3d4cfee5-55b7-55da-a2e1-63943e87ba4b
1412009000-312060000000000000-00362,aba2a7d3-1eb1-5524-8568-41844b7b55a4
1420000000-090000000000000000-00104,761136e9-3f24-58fe-8b52-be99914a1afc
4600000000-801101190000000000-00068,818e05da-09c3-58f8-8186-5a8843e3b03c
6400000000-308811010700000000-00098,7de1d39e-db12-566f-93e8-aaf92ef78c56
2903000000-902001000000000000-00054,1a7bb4e2-e7e4-5861-b09b-1ba0fd991930
1413000000-901050000000000000-00127,816c83c2-c1aa-5a48-a3a6-6d2c0fb55d46
5600000000-801302000000000000-00073,6fdecade-ba30-5192-aa0d-d33246334e59
1500000000-101500000000000000-00039,02514991-3ccd-5418-8eee-7cc41be5bd3a
5700000000-080101010200000000-00038,fc6812c7-2f3a-5285-a034-1e3856de89ae
4800000000-801103210000000000-00070,f6859aea-86a3-52f9-8034-aaa0f69073de
5200003001-020000000100000000-00030,6f4e7282-6306-54bf-b183-0766ed2462b5
5200003001-201200000000000000-00008,ab22c8e4-1881-5da8-9fd0-447820ec0ca0
1400000000-101105000000000000-00029,31a86772-5b0a-5831-badb-57e193c33456
1804000000-902104000000000000-00007,9e68bb9b-46c1-5189-8c24-edd1a37fd624
5900003001-020000000300000000-00013,b0c90ff8-a6fa-57e5-a6f1-e49e97bef637
1417000000-301101070501000000-02532,eb2a1f6d-6cc4-5882-ad34-e5d8388b11e0
2201001001-901303000000000000-00005,a7ed5b6f-6949-52c0-b275-486620fadfa9
1800000000-101101050000000000-00018,7fc75c6a-e829-5cb3-b812-2a7921c3c238
4900003001-020000000200000000-00026,c082ceb6-aac2-54ef-a831-d28fca663e70
2306000000-901201020000000000-00038,8dc383e6-69ea-501a-95bd-887af892935c
4600000000-801101060000000000-00013,636ad309-c28a-58bc-93ae-830b970d7f45
5400003001-380101000000000000-00004,2129c7d8-c699-5dc8-a271-49646fb0dc60
1606000000-999011010110000000-00068,232fd1bf-9056-5dde-9b0f-5cd410d98671
6200003001-201025000000000000-00009,469905d7-4883-51df-9fc7-ff7a992d20a2
2701000000-901300000000000000-00043,640c5af0-3f84-5ee4-aa0d-402d09bdb317
1800000000-101001000000000000-00064,13c6be0e-e1e1-5821-b8d4-07e6851144e0
1413000000-901050000000000000-00146,0bc1acc4-6937-5c3e-a4db-4cf8ae37b644
0901000000-140501010000000000-00135,4c56bfc5-9f75-5f63-afd2-d255784464ce
6300000000-801304000000000000-00096,a533fa66-ad48-571b-9ddf-c7e5e927a779
2304000000-140101010000000000-00058,e681f1fd-7aeb-57f3-b33a-210bad0983ad
1413000000-901050000000000000-00203,bebab3be-4dc2-5fb1-bf6b-3b8d4182021f
5700003001-212200000000000000-00002,b1a339a5-f3b9-53ed-9ff5-a6b5e7d55d5e
1200000000-101102020000000000-00042,a13f7e44-1dee-5f41-8575-e843abd508da
5200003001-020000000100000000-00027,9674f198-d8f1-5f5b-8586-c33fe773cff5
4100003001-218901000000000000-00001,5c9e9667-c047-5353-b770-a30944960af0
1419008000-301200000000000000-00011,2a8897b4-2ee6-5fbf-8228-63130d6c5564
1200000000-101105070000000000-10337,e5a3efce-bdd3-5238-987b-51b777fd5cb1
0106000000-901207000000000000-00061,080a6a54-6e23-5ce3-98c6-b8249cecd774
1903000000-150104020000000000-00003,8347485b-4a0e-5824-b663-776dd99f12c0
1412009000-312065000000000000-00414,4de2af0e-cbd5-5f48-aecd-b7696df2c2f3
1400000000-101102030000000000-00037,a7500658-e70c-5d78-bf69-1278f8580ccb
5800000000-801101032700000000-00069,e19f833e-3d7b-5d99-8c1c-e9fa8c8ec84c
0106000000-901203000000000000-00034,2254a3ec-1a1b-56c3-aae8-d8f5326f997e
2600000000-101100000000000000-00014,c665ffa0-3eb2-5a3b-a2cd-7591c2d0446a
2001000000-901101000000000000-00036,7467f714-98ee-5c75-8079-9b65d2e40ccd
0901000000-140501080000000000-00109,daeaecb1-5177-5a14-bf70-50797ac1ebf4
6400003001-215011000000000000-00004,2cc50e31-a351-5df1-8f62-b1a1e1fa71e7
1606000000-901000000000000000-00109,f49bc215-e92e-56fb-9a48-7c9b30ad5a4b
1417000000-301101080801000000-00802,37a9e048-d81b-5f4a-abf8-02504dadd5cb
2701000000-901201000000000000-00012,7dbb34db-5046-54b0-8c87-bdd538b012e7
1802000000-901501000000000000-00019,95a643ad-4073-530c-9f77-2374c95f40e9
6400003001-215011000000000000-00150,80ada8cf-cfe0-5ea7-826a-b261a6c7225a
6900003001-201602000000000000-00001,f340388f-a561-5c74-844a-6343baaae4e0
6600003001-020000000200000000-00013,057c6363-5b6c-55ec-b513-699b521edc3f
0901000000-140502000000000000-00041,caf02848-08df-5bc2-9b47-cbe7ac963912
5100003001-020000001900000000-00007,b441de57-ed85-5ff0-9917-9f4a9518d4ef
2903000000-902000000000000000-00058,5a94fdaa-e58d-5303-ad39-0fdad2953c06
4800003001-020000001100000000-00012,7d298f10-736d-512d-9398-d04435475116
1605000000-901101060300000000-00150,780ee273-b08a-5e88-84cc-c72b3a03f495
2205000000-140200000000000000-02088,d7ab43d9-3d3a-5e76-a072-d6ee58394152
5400003001-211109000000000000-00002,6a7ed898-ab81-57fe-b8e7-fcaa6c7ce17b
6700003002-201600000000000000-00091,6c408f93-b054-511c-9157-c0d343513cfa
1001000000-140203030000000000-00005,804ba00c-7aa9-5cfd-91c6-03300308c7e9
1412002000-312061000000000000-00201,9ecdf0ea-bf17-5311-8024-66e9ac69379f
6200003001-020000000200000000-00264,d199ed3f-36b7-54d3-8cf2-7c43a33fc0f2
7000000000-801203130100000000-00003,746d8c44-aa2c-5faf-bb6a-4098b5586828
1412001000-301205040000000000-00181,af3da85b-9bfc-539c-991b-3336978d1a82
6100003001-020000001700000000-00101,a2d87105-cbf5-556a-a93b-4ea699df4520
1417000000-301101161103000000-00914,6ebdcb55-d952-53ed-a2b2-5708f9ae32ab
6600003001-020000002200000000-00003,2abf0d1e-2562-50f4-95b4-8413e605b3ce
1420000000-114011000000000000-40181,beb5e56a-88a7-567d-b570-9bfaebf86efc
7000000000-801203080400000000-00242,2a9b242a-282f-5af9-a1c5-81253b316e12
1412002000-312062000000000000-00326,273e1a5e-8b10-527a-99e0-94f74c5e0e2d
4300000000-801101120000000000-00070,e8a92126-2469-5834-99a4-1ee2ce6d75c0
5000003001-204010010000000000-00006,48e24cc2-f881-5f78-b34e-95c0e896d456
5500000000-801103010100000000-00085,cc2474cb-cf5f-5d2f-9513-147f55c00f75
6400003001-021400000000000000-00142,dbda29ef-828a-5767-b437-27b199f1fc45
1305000000-901202010000000000-00160,3e981284-1b24-513b-b734-e44162eeac79
1419004000-312050120200000000-00118,b0e71a91-900c-57b0-963d-7a26a062b4d2
5900000000-080000000000000000-00131,5cadb177-ffe9-5778-880e-f9c59645f468
1605000000-901102020000000000-00128,bb17d56b-2ab2-5701-ab4d-57c9d55f496d
1413000000-901050000000000000-00201,86892155-937c-5af8-8e1b-b08e5afcfbd6
0800000000-101307010000000000-00084,e6fc5731-57e9-58d8-809e-748610ef19ae
2902000000-140103000000000000-00060,05bdd9b5-987e-56f4-8173-c45742a0d907
2201001001-901001000000000000-00048,80aa9a0f-4044-5ff1-be0d-8ed91025d150
7000000000-801202010905000000-00074,701c7cac-9b46-511e-8708-dccc1b47505c
6300003001-020000000500000000-00070,4528fe95-8e26-54e3-9af8-136f0e989f41
1602000000-201303000000000000-00116,9082dbf6-4744-51d0-9d3f-5f25a44600a1
4000003001-201024070000000000-00003,069a72a4-66f7-52e0-96f2-bc5d44c62c8f
0901000094-140000000000000000-00013,ddbf6a6d-ea4b-575a-9527-856ae2e1c75f
4000003001-201013000000000000-00030,d591d319-7f49-5722-a72e-6b03934e1d93
7000000000-801203060300000000-00335,1eaef5b5-edb8-5ca5-8bb8-729942693e96
7000000000-801204000000000000-00251,ff56de89-7d1d-5590-a6c4-faf67a905ecb
4900000000-801103020000000000-00038,edd9689c-4326-521c-85eb-d1ace8c7fd89
1605000000-901101060100000000-00072,a4dc1c66-0941-5eb2-82f4-ab60a00a2e4f
1421000000-090201000000000000-00043,98443b98-01a0-5c8b-886e-399a78715d85
4100000000-801010309700000000-00066,b96f09b3-b7be-5617-bc08-f5d0a126f2c6
1419008000-301202000000000000-00056,b5db70d3-2db4-5d84-b764-75b1cca8c59b
5000003001-020000000700000000-00016,6aa2d731-9710-537f-a42b-c2bac320aeed
1414000000-301000000000000000-00098,874891a0-6cbf-50af-9745-88e521f56471
5900000000-801105070000000000-00035,24b7047c-fc53-50d5-ba8a-5adaae7ea28c
0302000000-060000000000000001-00003,b55b47d4-ecb3-5176-8c87-cfeff8ba5cea
2300000000-010102020000000000-00029,9faac880-6a7b-57f6-8694-82d329d1ad8e
2900001001-102001000000000000-00041,9f458bbc-654a-535e-8323-2addf4006b2b
1606000000-999990110101111100-00011,c4afb193-730b-5bbd-825e-1230c860bfc3
0901000000-140603000000000000-00015,5f5c1291-b4da-5147-a45d-7417968dc010
4800000000-801103030000000000-00045,434c856a-eeac-5036-bc1c-5e034344db3b
1305000000-901202020000000000-00120,7e640a9a-9e6a-5109-ae7e-3c8b0af70321
1412002000-312062000000000000-00277,33b0603c-5957-5d94-92b7-0e611f9faff4
4200003001-020000000200000000-00022,ece0a63e-538e-5adb-b4f6-8b7abf20d6e7
4200003001-020000000100000000-00198,ed008aca-6d98-5987-9bab-79c028095db2
1001000000-140203010000000000-00064,90c78483-7a1b-5532-a0e7-18260f365f93
4900003001-208010000000000000-00006,37badff6-10ef-5dbf-af77-54da5b7615aa
1700000000-090200000000000000-00029,452c3238-ef90-5f57-b914-78040a309125
1605000000-901200000000000000-00167,c66ccafa-ce7a-5c84-bf89-a01f14bd278c
2305000000-901300000000000000-00010,d267c48d-84a0-5ac9-ae36-a16722c2c490
1419004000-030000000000000000-00002,5a0fbc3f-5221-5ce1-b5cc-46cc15dfc40c
1602000000-201102000000000000-00053,c7a24ce2-92b3-5ea2-8382-bb2d38b5d38b
5000003001-020000000700000000-00205,21748a91-4e2d-5d36-9c29-5c046b18acbc
4600000000-801101030000000000-00016,8b5161e7-ba4d-5f5d-b9a3-d540d4dbd40e
1601000000-201010200000000000-00054,84551bd4-3845-53fb-9a00-740eeef895c8
4800000000-801103180000000000-00077,bb52a29f-bd6b-5897-b531-09ac29a221e3
4800003001-206400000000000000-00008,cd974ec7-c2ec-53bc-bf5d-39052ff752ee
0800000000-101305060000000000-00072,c672a2db-f6ac-5102-bf2f-e39fd9a5f6c2
5400003002-021101000000000000-00023,56ce3c1a-90ca-54d1-bb6e-6b5611ee9c29
4700003001-020000001500000000-00009,238cbfbf-9585-57bb-8078-1cf82523f68c
1005000000-901201010300000000-00053,b17e3a60-484b-5a42-ab60-5e48e88685d7
1420000000-090000000000000000-00083,5a96a0b3-6561-5c0a-8e3e-af4c7b8fa023
2318000000-901103000000000000-00018,6f80deb2-3e9b-55d4-a328-db27823acb16
1413000000-090101010400000000-00068,ee571833-5a7b-5428-b8f2-48ce0dc3ba7f
4300000000-801101010201000000-00007,8a66704d-9d15-5f27-bda9-d823b2fc894f
5300000000-801103160600000000-00323,d61f9029-c10f-5e32-aa55-5115857f0980
1417000000-301101090700000000-01114,4cb08a0e-07e3-520c-946d-a714361246cb
5600000000-801301000000000000-00071,cf8d5c5b-d665-5d96-8622-da3d4f2f25e7
6100003001-020000000800000000-00101,61339345-5bd6-5be0-81aa-70e20e5b79b0
0901001004-140107030000000000-00043,5aa9b7ef-7081-5fdd-8a86-e010961207db
5400000000-801101070000000000-00017,2652525f-b873-5b52-9c92-aa53477a068d
5700003001-212400000000000000-00014,0030e069-af15-55a3-bee8-ae4268a29ed2
5000000000-801101011300000000-00320,600bc5cc-1c18-5738-a8f5-a1e73ef09b9e
5200003001-020000001900000000-00001,7f29ea9f-9ed6-5a33-9357-f32ab39655c9
4800003001-020000000500000000-00008,f6c21f30-6e90-5e44-9b6f-ea2e1cb7101f
1503000000-601300000000000000-00002,c9b936bd-8cf5-5ce8-8516-d9d2c56347e5
1601000000-201033000000000000-00003,d2d1357c-6a02-51c4-ac2b-6ecaac60e20a
6800003001-020000000900000000-00077,68ee8429-001d-5cb0-ade7-aaa89afa2171
6300000000-801301020000000000-00010,8ca16f83-0e79-5336-b8bd-6e0509e6d2b7
4500000000-801101120000000000-00072,359f12be-3224-51bd-92df-92fa121685c7
1420000000-908000000000000000-00037,3d3abdcf-6d89-5656-a34e-e4a07a199d83
0901000000-140202060000000000-00058,3e08a570-e69f-535d-8e41-e300b0304c9f
1202000000-901101030000000000-00064,f5044fb0-dacb-5662-908d-c36cc931a6a1
4900000000-801103090400000000-00323,1f404dcd-77bf-591b-b3fe-823f3fe8088c
6600003001-020000000100000000-00026,5bb65cb3-852b-55a7-94c7-72df282f5004
2500000000-101901000000000000-00081,05a4fcc3-3534-5b3c-9f28-687028b5d908
6200000000-801101290000000000-00105,46c9684a-9b73-5cf2-97dc-d4a9eb549962
5400000000-801101140000000000-00318,9df57d9b-1df6-504c-ac61-8782ce88dea8
0901000000-140000000000000000-00051,66e0ae0a-31f3-5826-8655-6a3176c4d81d
4500000000-801101170000000000-00076,1f0e52b1-12c8-5471-a8f1-027cd18f3216
6000000000-812301012300000000-00075,a67b1d08-9598-554a-9683-a43d310c396e
6000000000-812301010300000000-00042,3f35ec73-9954-595a-9ffc-efa94252d04f
7000000000-801201010114050000-00399,1f39b382-8bda-5f03-9ca2-698fc78084e2
5900003001-225102000000000000-00002,78d5988e-dc9a-5fa7-980c-f7a4b59c3b80
6400000000-308811012700000000-00072,fbfd8c09-5acf-550a-b4cf-779a1d7cb801
4000003001-020000000300000000-00115,3ac52c40-4497-59e9-9e18-5bd944340aee
5100000000-801101030000000000-00082,388c1b4b-9528-594b-a3c0-18b83cc7a490
4700003001-020000000200000000-00010,7d232787-ef1a-5665-b49c-49e6ffa40d3c
0303000000-060400000000000000-00023,f9f3c7c1-8c89-5d77-9c0a-ca8272a0668a
5500000000-801103170000000000-00088,92eb30f2-62c7-5967-a835-44f974d7c5a0
4300003001-020010000000000000-00010,c78ebd11-4beb-5c37-928e-37fe83430fd4
4400003001-201011030000000000-00017,abd160b6-6e13-5c6c-8e68-28cc4f85955d
1903000000-150102000000000000-00005,f00ef731-8db7-5350-ba12-f2541140472a
